{
  "checkpoint_num": 10,
  "samples_processed": 1000,
  "elapsed_hours": 1.0342794868681167,
  "rate_docs_per_sec": 0.26857129171043675
}