,bertscore_precision,bertscore_recall,bertscore_f1
alpha_1.0,65.53918828368187,62.98861083984375,64.18219392895699
