,rouge1,rouge2,rougeL,rougeLsum
alpha_1.0,46.11325133901033,16.747465575006977,22.270395211794014,22.266962769476432
