{
  "checkpoint_num": 10,
  "samples_processed": 1000,
  "elapsed_hours": 6.680242921710015,
  "rate_docs_per_sec": 0.04158198751650666
}