{
  "num_samples": 1000,
  "alpha_values": [
    1.0
  ],
  "device": "cuda",
  "total_time_seconds": 14550.08259153366,
  "time_per_sample_avg": 14.550082591533661
}