,rouge1,rouge2,rougeL,rougeLsum
alpha_1.0,45.62044213528408,16.67022752244243,22.465631709532314,22.46193702848712
