{
  "0.0":{
    "num_samples":100,
    "rouge1":45.261219355,
    "rouge2":16.0112192194,
    "rougeL":22.4607678674,
    "rougeLsum":22.3992539905,
    "bertscore_precision":64.5293474197,
    "bertscore_recall":62.7173125744,
    "bertscore_f1":63.553583622
  },
  "0.1":{
    "num_samples":100,
    "rouge1":45.4834224154,
    "rouge2":16.1776813087,
    "rougeL":22.5353660235,
    "rougeLsum":22.4874155341,
    "bertscore_precision":64.762288332,
    "bertscore_recall":62.8744244576,
    "bertscore_f1":63.7504935265
  },
  "0.2":{
    "num_samples":100,
    "rouge1":45.4127642901,
    "rouge2":16.1412870365,
    "rougeL":22.4308589252,
    "rougeLsum":22.3738766801,
    "bertscore_precision":64.6981656551,
    "bertscore_recall":62.8273665905,
    "bertscore_f1":63.6956691742
  },
  "0.3":{
    "num_samples":100,
    "rouge1":45.0233932005,
    "rouge2":15.8037774297,
    "rougeL":22.2399772241,
    "rougeLsum":22.1833798521,
    "bertscore_precision":64.4602358341,
    "bertscore_recall":62.6281857491,
    "bertscore_f1":63.4784162045
  },
  "0.4":{
    "num_samples":100,
    "rouge1":45.2546576276,
    "rouge2":15.8407400909,
    "rougeL":22.2677015934,
    "rougeLsum":22.2193545444,
    "bertscore_precision":64.4662022591,
    "bertscore_recall":62.6061797142,
    "bertscore_f1":63.4669303894
  },
  "0.5":{
    "num_samples":100,
    "rouge1":45.3123184168,
    "rouge2":15.7112318617,
    "rougeL":22.1829943519,
    "rougeLsum":22.1319529924,
    "bertscore_precision":64.3773972988,
    "bertscore_recall":62.625169754,
    "bertscore_f1":63.438975811
  },
  "0.6":{
    "num_samples":100,
    "rouge1":45.3623211946,
    "rouge2":15.7825384454,
    "rougeL":22.1291692207,
    "rougeLsum":22.0931099741,
    "bertscore_precision":64.3815159798,
    "bertscore_recall":62.6173079014,
    "bertscore_f1":63.4357273579
  },
  "0.7":{
    "num_samples":100,
    "rouge1":45.1546029141,
    "rouge2":15.5993223828,
    "rougeL":21.9779338077,
    "rougeLsum":21.906659316,
    "bertscore_precision":64.2346322536,
    "bertscore_recall":62.5093102455,
    "bertscore_f1":63.3093893528
  },
  "0.8":{
    "num_samples":100,
    "rouge1":45.2507241023,
    "rouge2":15.6355212019,
    "rougeL":22.0780627204,
    "rougeLsum":22.0335419526,
    "bertscore_precision":64.3528580666,
    "bertscore_recall":62.5795543194,
    "bertscore_f1":63.4036540985
  },
  "0.9":{
    "num_samples":100,
    "rouge1":45.7262027222,
    "rouge2":16.3287686406,
    "rougeL":22.6982449886,
    "rougeLsum":22.6727474352,
    "bertscore_precision":64.8259401321,
    "bertscore_recall":62.8895103931,
    "bertscore_f1":63.7911379337
  },
  "1.0":{
    "num_samples":100,
    "rouge1":45.8108752334,
    "rouge2":16.5289163543,
    "rougeL":22.6774835469,
    "rougeLsum":22.6541786448,
    "bertscore_precision":64.8649692535,
    "bertscore_recall":62.9955589771,
    "bertscore_f1":63.860976696
  }
}