,bertscore_precision,bertscore_recall,bertscore_f1
alpha_1.0,65.70537301898003,63.30752383470535,64.4223127245903
