{
  "method": "Flat_1024_128_Overlap",
  "num_samples": 1000,
  "rouge1": 45.587538233890676,
  "rouge2": 17.860948499800617,
  "rougeL": 23.287877374957805,
  "rougeLsum": 23.28811154080595,
  "bertscore_precision": 66.58406930565835,
  "bertscore_recall": 63.79261887669563,
  "bertscore_f1": 65.08754546642304,
  "avg_chunks_per_doc": 2.936,
  "total_runtime_hours": 6.458316661516825
}