{
  "checkpoint_num": 10,
  "samples_processed": 1000,
  "elapsed_hours": 6.458315835131539,
  "rate_docs_per_sec": 0.04301086922177756
}