,rouge1,rouge2,rougeL,rougeLsum
alpha_1.0,46.287721797624705,16.894046942067455,22.83153643703711,22.83066005253882
