model,fluency_mean,fluency_std,fluency_min,fluency_max,fluency_median
TreeSum,0.9109418961505494,0.06846376221817055,0.30044932141695985,0.9702560503361118,0.9433582475593887
