model,fluency_mean,fluency_std,fluency_min,fluency_max,fluency_median
PEGASUS,0.9090765691288191,0.07396095382755434,0.16708507450030063,0.968939348486981,0.9438618558431837
