model,fluency_mean,fluency_std,fluency_min,fluency_max,fluency_median
BART,0.9028642498176203,0.09020643784912427,0.12434113130462845,0.9686599374866899,0.9444400272601634
