model,fluency_mean,fluency_std,fluency_min,fluency_max,fluency_median
PRIMERA,0.9080799381288396,0.0845712780065111,0.30658046700783,0.9682366693485381,0.945352658778966
