{
  "checkpoint_num": 10,
  "samples_processed": 1000,
  "elapsed_hours": 0.96536122613483,
  "rate_docs_per_sec": 0.28774490859754204
}