{
  "num_samples": 1000,
  "rouge1": 20.119864967916158,
  "rouge2": 1.7469278027569022,
  "rougeL": 12.58251520601698,
  "rougeLsum": 12.582887204034318,
  "bertscore_precision": 48.33800902068615,
  "bertscore_recall": 45.337728726863865,
  "bertscore_f1": 46.76951497197151,
  "avg_chunks_per_doc": 2.747
}