,bertscore_precision,bertscore_recall,bertscore_f1
alpha_1.0,65.17632820606232,62.986590784788135,64.0002360522747
