,rouge1,rouge2,rougeL,rougeLsum
alpha_1.0,45.61546759181899,16.338108444864442,22.103517908852577,22.06595173977942
