,bertscore_precision,bertscore_recall,bertscore_f1
alpha_1.0,65.39696313142777,62.90410003662109,64.0593865275383
