{
  "rouge1": 36.31106708923064,
  "rouge2": 8.197083244424718,
  "rougeL": 16.951468094674098,
  "bertscore_f1": 84.56871390342712,
  "avg_time_per_doc": 230.21105260848998
}