{
  "method": "TreeSum_SOTA_Part1",
  "rouge1": 44.32321860528911,
  "rouge2": 15.916404144018506,
  "rougeL": 21.639500857678733,
  "bertscore_f1": 64.31907083392143,
  "total_time_hours": 2.370024394856559
}