{
  "0.0":{
    "num_samples":100,
    "rouge1":45.3169756486,
    "rouge2":16.0010743288,
    "rougeL":22.4040979722,
    "rougeLsum":22.4603657506,
    "bertscore_precision":86.8416845798,
    "bertscore_recall":86.0309839249,
    "bertscore_f1":86.4264369011
  },
  "0.1":{
    "num_samples":100,
    "rouge1":45.5544692962,
    "rouge2":16.1945830254,
    "rougeL":22.4941616021,
    "rougeLsum":22.5822184274,
    "bertscore_precision":86.9342982769,
    "bertscore_recall":86.0729157925,
    "bertscore_f1":86.493819952
  },
  "0.2":{
    "num_samples":100,
    "rouge1":45.4656845875,
    "rouge2":16.0932104213,
    "rougeL":22.3500409152,
    "rougeLsum":22.4437992417,
    "bertscore_precision":86.9158625603,
    "bertscore_recall":86.047822237,
    "bertscore_f1":86.4723801613
  },
  "0.3":{
    "num_samples":100,
    "rouge1":45.1007532189,
    "rouge2":15.7520528982,
    "rougeL":22.1818669997,
    "rougeLsum":22.2629719524,
    "bertscore_precision":86.8476688862,
    "bertscore_recall":85.9838485718,
    "bertscore_f1":86.4063501358
  },
  "0.4":{
    "num_samples":100,
    "rouge1":45.3206558362,
    "rouge2":15.8066868337,
    "rougeL":22.2035205472,
    "rougeLsum":22.2661297383,
    "bertscore_precision":86.8623793125,
    "bertscore_recall":85.9975278378,
    "bertscore_f1":86.4198982716
  },
  "0.5":{
    "num_samples":100,
    "rouge1":45.3894641708,
    "rouge2":15.6577520924,
    "rougeL":22.1259605238,
    "rougeLsum":22.1813835252,
    "bertscore_precision":86.8565380573,
    "bertscore_recall":86.0087871552,
    "bertscore_f1":86.4236056805
  },
  "0.6":{
    "num_samples":100,
    "rouge1":45.4062693721,
    "rouge2":15.7153934016,
    "rougeL":22.0778567904,
    "rougeLsum":22.1346839233,
    "bertscore_precision":86.8332982063,
    "bertscore_recall":85.9923183918,
    "bertscore_f1":86.4037752151
  },
  "0.7":{
    "num_samples":100,
    "rouge1":45.2407116727,
    "rouge2":15.5533707892,
    "rougeL":21.9001634963,
    "rougeLsum":21.969167893,
    "bertscore_precision":86.7856681347,
    "bertscore_recall":85.9494566917,
    "bertscore_f1":86.3583922386
  },
  "0.8":{
    "num_samples":100,
    "rouge1":45.2652571596,
    "rouge2":15.6054724867,
    "rougeL":22.0247387704,
    "rougeLsum":22.1276411189,
    "bertscore_precision":86.8094086647,
    "bertscore_recall":85.9560906887,
    "bertscore_f1":86.3735377789
  },
  "0.9":{
    "num_samples":100,
    "rouge1":45.7875452714,
    "rouge2":16.28753176,
    "rougeL":22.6705757197,
    "rougeLsum":22.7477751378,
    "bertscore_precision":86.943680048,
    "bertscore_recall":86.0636591911,
    "bertscore_f1":86.4942789078
  },
  "1.0":{
    "num_samples":100,
    "rouge1":45.8882075738,
    "rouge2":16.4852778821,
    "rougeL":22.6541771484,
    "rougeLsum":22.7283213958,
    "bertscore_precision":86.9631171227,
    "bertscore_recall":86.1119508743,
    "bertscore_f1":86.5278840065
  }
}