{
  "num_samples": 1000,
  "rouge1": 20.56460626901585,
  "rouge2": 1.7861064948798986,
  "rougeL": 12.864425366138427,
  "rougeLsum": 12.863593944339923,
  "bertscore_precision": 49.345875746011735,
  "bertscore_recall": 46.285829693078995,
  "bertscore_f1": 47.74620721340179,
  "avg_chunks_per_doc": 2.936
}