{
  "checkpoint_num": 10,
  "samples_processed": 1000,
  "elapsed_hours": 0.9554616456561619,
  "rate_docs_per_sec": 0.29072624635499034
}